World Rank,University Name,Country,National Rank,Total Score
1,Harvard University,us.png,1,100.0
2,Stanford University,us.png,2,74.8
3,Massachusetts Institute of Technology (MIT),us.png,3,69.1
4,University of Cambridge,gb.png,1,67.9
5,"University of California, Berkeley",us.png,4,63.4
6,Princeton University,us.png,5,60.1
7,University of Oxford,gb.png,2,59.5
8,Columbia University,us.png,6,55.3
9,California Institute of Technology,us.png,7,54.5
10,University of Chicago,us.png,8,53.8
11,Yale University,us.png,9,52.2
12,Cornell University,us.png,10,50.5
13,"University of California, Los Angeles",us.png,11,48.0
14,University of Pennsylvania,us.png,12,47.7
15,Paris-Saclay University,fr.png,1,47.0
16,Johns Hopkins University,us.png,13,46.8
17,University College London,gb.png,3,45.9
18,University of Washington,us.png,14,45.4
19,"University of California, San Diego",us.png,15,44.8
20,ETH Zurich,ch.png,1,44.1
21,"University of California, San Francisco",us.png,16,44.0
22,Tsinghua University,cn.png,1,40.3
23,Imperial College London,gb.png,4,39.9
24,University of Toronto,ca.png,1,39.7
25,Washington University in St. Louis,us.png,17,39.0
26,University of Michigan-Ann Arbor,us.png,18,37.8
27,The University of Tokyo,jp.png,1,37.7
28,New York University,us.png,19,37.3
29,Peking University,cn.png,2,36.7
30,Northwestern University,us.png,20,35.8
31,University of North Carolina at Chapel Hill,us.png,21,35.7
32,University of Copenhagen,dk.png,1,35.2
33,Zhejiang University,cn.png,3,35.0
34,Duke University,us.png,22,34.6
35,The University of Melbourne,au.png,1,34.5
35,University of Wisconsin - Madison,us.png,23,34.5
37,Karolinska Institute,se.png,1,34.0
38,The University of Edinburgh,gb.png,5,33.9
39,Kyoto University,jp.png,2,33.3
39,Rockefeller University,us.png,24,33.3
41,PSL University,fr.png,2,33.0
41,The University of Manchester,gb.png,6,33.0
43,The University of Texas at Austin,us.png,25,32.8
44,University of British Columbia,ca.png,2,32.7
44,"University of Minnesota, Twin Cities",us.png,26,32.7
46,Shanghai Jiao Tong University,cn.png,4,32.6
46,Sorbonne University,fr.png,3,32.6
48,The University of Texas Southwestern Medical Center at Dallas,us.png,27,32.4
49,University of Geneva,ch.png,2,31.8
50,"University of Maryland, College Park",us.png,28,31.7
51,The University of Queensland,au.png,2,31.5
52,University of Illinois Urbana-Champaign,us.png,29,31.4
52,Utrecht University,nl.png,1,31.4
54,Swiss Federal Institute of Technology Lausanne,ch.png,3,31.3
55,Heidelberg University,de.png,1,31.2
56,Fudan University,cn.png,5,31.1
57,University of Colorado at Boulder,us.png,30,31.0
58,University of Southern California,us.png,31,30.8
59,King's College London,gb.png,7,30.7
59,Technical University of Munich,de.png,2,30.7
59,University of Munich,de.png,2,30.7
59,University of Zurich,ch.png,4,30.7
63,"University of California, Santa Barbara",us.png,32,30.2
64,University of Science and Technology of China,cn.png,6,30.1
65,"University of California, Irvine",us.png,33,29.8
66,Vanderbilt University,us.png,34,29.4
67,University of Bonn,de.png,4,29.3
68,Weizmann Institute of Science,il.png,1,29.2
69,Université Paris Cité,fr.png,4,29.1
70,McGill University,ca.png,3,28.9
71,National University of Singapore,sg.png,1,28.8
72,The University of New South Wales,au.png,3,28.6
73,Sun Yat-sen University,cn.png,7,28.3
73,University of Oslo,no.png,1,28.3
73,University of Sydney,au.png,4,28.3
76,University of Groningen,nl.png,2,28.1
77,Monash University,au.png,5,28.0
78,Aarhus University,dk.png,2,27.6
79,Technion-Israel Institute of Technology,il.png,2,27.4
80,The University of Texas M. D. Anderson Cancer Center,us.png,35,26.9
81,University of Basel,ch.png,5,26.8
82,Uppsala University,se.png,2,26.6
83,University of Pittsburgh,us.png,36,26.5
84,Ghent University,be.png,1,26.4
84,The Australian National University,au.png,6,26.4
86,KU Leuven,be.png,2,26.2
86,The Hebrew University of Jerusalem,il.png,3,26.2
88,Erasmus University Rotterdam,nl.png,3,26.1
88,The University of Hong Kong,hk.png,1,26.1
88,University of Bristol,gb.png,8,26.1
91,Huazhong University of Science and Technology,cn.png,8,26.0
91,University of Alberta,ca.png,4,26.0
93,Nanyang Technological University,sg.png,2,25.9
94,Seoul National University,kr.png,1,25.8
95,Central South University,cn.png,9,25.3
96,Nanjing University,cn.png,10,25.2
96,Purdue University - West Lafayette,us.png,37,25.2
98,Brown University,us.png,38,25.1
98,McMaster University,ca.png,5,25.1
98,Stockholm University,se.png,3,25.1
101-150,Arizona State University,us.png,39-51,
101-150,Beijing Institute of Technology,cn.png,11-23,
101-150,Boston University,us.png,39-51,
101-150,Carnegie Mellon University,us.png,39-51,
101-150,City University of Hong Kong,hk.png,2-3,
101-150,Emory University,us.png,39-51,
101-150,Harbin Institute of Technology,cn.png,11-23,
101-150,Jilin University,cn.png,11-23,
101-150,King Saud University,sa.png,1,
101-150,Leiden University,nl.png,4-6,
101-150,Mayo Clinic Alix School of Medicine,us.png,39-51,
101-150,Moscow State University,ru.png,1,
101-150,Icahn School of Medicine at Mount Sinai,us.png,39-51,
101-150,Nagoya University,jp.png,3,
101-150,Norwegian University of Science and Technology - NTNU,no.png,2,
101-150,Radboud University Nijmegen,nl.png,4-6,
101-150,Rice University,us.png,39-51,
101-150,"Rutgers, The State University of New Jersey - New Brunswick",us.png,39-51,
101-150,Sapienza University of Rome,it.png,1,
101-150,Shandong University,cn.png,11-23,
101-150,Sichuan University,cn.png,11-23,
101-150,Soochow University (China),cn.png,11-23,
101-150,South China University of Technology,cn.png,11-23,
101-150,Southern University of Science and Technology,cn.png,11-23,
101-150,Southeast University,cn.png,11-23,
101-150,The Chinese University of Hong Kong,hk.png,2-3,
101-150,The Ohio State University - Columbus,us.png,39-51,
101-150,Pennsylvania State University - University Park,us.png,39-51,
101-150,The University of Glasgow,gb.png,9-12,
101-150,The University of Western Australia,au.png,7,
101-150,Tianjin University,cn.png,11-23,
101-150,University of Electronic Science and Technology of China,cn.png,11-23,
101-150,Université Grenoble Alpes,fr.png,5,
101-150,Université libre de Bruxelles (ULB),be.png,3,
101-150,University of Amsterdam,nl.png,4-6,
101-150,University of Bern,ch.png,6-7,
101-150,"University of California, Davis",us.png,39-51,
101-150,University of Florida,us.png,39-51,
101-150,University of Freiburg,de.png,5,
101-150,University of Gothenburg,se.png,4,
101-150,University of Helsinki,fi.png,1,
101-150,University of Lausanne,ch.png,6-7,
101-150,University of Liverpool,gb.png,9-12,
101-150,University of Nottingham,gb.png,9-12,
101-150,University of Sao Paulo,br.png,1,
101-150,University of Utah,us.png,39-51,
101-150,University of Vienna,at.png,1,
101-150,University of Warwick,gb.png,9-12,
101-150,Wuhan University,cn.png,11-23,
101-150,Xi'an Jiaotong University,cn.png,11-23,
151-200,Aix Marseille University,fr.png,6-8,
151-200,Baylor College of Medicine,us.png,52-61,
151-200,Beihang University,cn.png,24-32,
151-200,Beijing Normal University,cn.png,24-32,
151-200,Cardiff University,gb.png,13-20,
151-200,Case Western Reserve University,us.png,52-61,
151-200,Delft University of Technology,nl.png,7-9,
151-200,Georgia Institute of Technology,us.png,52-61,
151-200,Goethe University Frankfurt,de.png,6-9,
151-200,Hunan University,cn.png,24-32,
151-200,Indiana University Bloomington,us.png,52-61,
151-200,King Abdulaziz University,sa.png,2,
151-200,London School of Economics and Political Science,gb.png,13-20,
151-200,London School of Hygiene & Tropical Medicine,gb.png,13-20,
151-200,Lund University,se.png,5,
151-200,Michigan State University,us.png,52-61,
151-200,Nankai University,cn.png,24-32,
151-200,Northwestern Polytechnical University,cn.png,24-32,
151-200,Osaka University,jp.png,4-5,
151-200,Shenzhen University,cn.png,24-32,
151-200,Sungkyunkwan University,kr.png,2,
151-200,Technical University of Denmark,dk.png,3,
151-200,Texas A&M University,us.png,52-61,
151-200,The Hong Kong Polytechnic University,hk.png,4,
151-200,The University of Adelaide,au.png,8,
151-200,The University of Sheffield,gb.png,13-20,
151-200,Tokyo Institute of Technology,jp.png,4-5,
151-200,Tongji University,cn.png,24-32,
151-200,Tufts University,us.png,52-61,
151-200,University of Arizona,us.png,52-61,
151-200,University of Birmingham,gb.png,13-20,
151-200,"University of California, Santa Cruz",us.png,52-61,
151-200,University of Cologne,de.png,6-9,
151-200,University of Exeter,gb.png,13-20,
151-200,University of Goettingen,de.png,6-9,
151-200,University of Leeds,gb.png,13-20,
151-200,University of Massachusetts Amherst,us.png,52-61,
151-200,University of Milan,it.png,2-4,
151-200,University of Montpellier,fr.png,6-8,
151-200,Université de Montréal,ca.png,6-7,
151-200,University of Padua,it.png,2-4,
151-200,University of Pisa,it.png,2-4,
151-200,University of Southampton,gb.png,13-20,
151-200,University of Strasbourg,fr.png,6-8,
151-200,University of Tuebingen,de.png,6-9,
151-200,University of Waterloo,ca.png,6-7,
151-200,Vrije Universiteit Amsterdam,nl.png,7-9,
151-200,Wageningen University & Research,nl.png,7-9,
151-200,Xiamen University,cn.png,24-32,
151-200,Zhengzhou University,cn.png,24-32,
201-300,Beijing University of Chemical Technology,cn.png,33-50,
201-300,Capital Medical University,cn.png,33-50,
201-300,Catholic University of Louvain,be.png,4-5,
201-300,China Agricultural University,cn.png,33-50,
201-300,China Medical University (Taichung),tw.png,1-2,
201-300,China University of Geosciences (Wuhan),cn.png,33-50,
201-300,Chongqing University,cn.png,33-50,
201-300,Claude Bernard University Lyon 1,fr.png,9-12,
201-300,Curtin University,au.png,9-15,
201-300,Dalian University of Technology,cn.png,33-50,
201-300,Deakin University,au.png,9-15,
201-300,East China Normal University,cn.png,33-50,
201-300,Ecole Normale Superieure - Lyon,fr.png,9-12,
201-300,Florida State University,us.png,62-82,
201-300,Fuzhou University,cn.png,33-50,
201-300,George Mason University,us.png,62-82,
201-300,Hanyang University,kr.png,3-7,
201-300,Hokkaido University,jp.png,6-8,
201-300,Jiangsu University,cn.png,33-50,
201-300,Jinan University,cn.png,33-50,
201-300,King Abdullah University of Science and Technology,sa.png,3-4,
201-300,Korea Advanced Institute of Science and Technology,kr.png,3-7,
201-300,Korea University,kr.png,3-7,
201-300,KTH Royal Institute of Technology,se.png,6,
201-300,Lanzhou University,cn.png,33-50,
201-300,Maastricht University,nl.png,10,
201-300,Macquarie University,au.png,9-15,
201-300,Medical University of Vienna,at.png,2,
201-300,Nanjing Medical University,cn.png,33-50,
201-300,NanJing Tech University,cn.png,33-50,
201-300,National Taiwan University,tw.png,1-2,
201-300,Newcastle University,gb.png,21-25,
201-300,North Carolina State University - Raleigh,us.png,62-82,
201-300,Northeastern University (Boston),us.png,62-82,
201-300,Oregon Health and Science University,us.png,62-82,
201-300,Oregon State University,us.png,62-82,
201-300,Peking Union Medical College,cn.png,33-50,
201-300,Polytechnic University of Milan,it.png,5-8,
201-300,Qingdao University,cn.png,33-50,
201-300,Queen Mary University of London,gb.png,21-25,
201-300,Queen's University,ca.png,8-11,
201-300,RWTH Aachen University,de.png,10-19,
201-300,Shanghai University,cn.png,33-50,
201-300,Swinburne University of Technology,au.png,9-15,
201-300,Taif University,sa.png,3-4,
201-300,Technical University of Berlin,de.png,10-19,
201-300,Tel Aviv University,il.png,4,
201-300,The George Washington University,us.png,62-82,
201-300,The University of Auckland,nz.png,1,
201-300,The University of Calgary,ca.png,8-11,
201-300,Tohoku University,jp.png,6-8,
201-300,Trinity College Dublin,ie.png,1,
201-300,TU Dresden,de.png,10-19,
201-300,Ulsan National Institute of Science and Technology,kr.png,3-7,
201-300,University of Massachusetts Medical School - Worcester,us.png,62-82,
201-300,National Autonomous University of Mexico,mx.png,1,
201-300,University of Science and Technology Beijing,cn.png,33-50,
201-300,The University of Texas Health Science Center at Houston,us.png,62-82,
201-300,University of Aberdeen,gb.png,21-25,
201-300,University of Antwerp,be.png,4-5,
201-300,University of Barcelona,es.png,1-2,
201-300,University of Bologna,it.png,5-8,
201-300,University of Bordeaux,fr.png,9-12,
201-300,University of Buenos Aires,ar.png,1,
201-300,"University of California, Riverside",us.png,62-82,
201-300,University of Cape Town,za.png,1,
201-300,University of Cincinnati,us.png,62-82,
201-300,University of Colorado at Denver,us.png,62-82,
201-300,University of Delaware,us.png,62-82,
201-300,University of East Anglia,gb.png,21-25,
201-300,University of Erlangen-Nuremberg,de.png,10-19,
201-300,University of Granada,es.png,1-2,
201-300,University of Hamburg,de.png,10-19,
201-300,University of Iowa,us.png,62-82,
201-300,University of Kiel,de.png,10-19,
201-300,University of Leipzig,de.png,10-19,
201-300,University of Lisbon,pt.png,1-2,
201-300,University of Lorraine,fr.png,9-12,
201-300,University of Mainz,de.png,10-19,
201-300,University of Manitoba,ca.png,8-11,
201-300,University of Missouri - Columbia,us.png,62-82,
201-300,University of Muenster,de.png,10-19,
201-300,University of Naples Federico II,it.png,5-8,
201-300,University of Nebraska - Lincoln,us.png,62-82,
201-300,University of Ottawa,ca.png,8-11,
201-300,University of Porto,pt.png,1-2,
201-300,University of Rochester,us.png,62-82,
201-300,University of Sussex,gb.png,21-25,
201-300,University of Tasmania,au.png,9-15,
201-300,University of Technology Sydney,au.png,9-15,
201-300,University of Tennessee - Knoxville,us.png,62-82,
201-300,University of Tsukuba,jp.png,6-8,
201-300,University of Turin,it.png,5-8,
201-300,University of Virginia,us.png,62-82,
201-300,University of Wollongong,au.png,9-15,
201-300,University of Wuerzburg,de.png,10-19,
201-300,Virginia Commonwealth University,us.png,62-82,
201-300,Virginia Polytechnic Institute and State University,us.png,62-82,
201-300,Wuhan University of Technology,cn.png,33-50,
201-300,Yonsei University,kr.png,3-7,
301-400,Aalborg University,dk.png,4-5,
301-400,Aalto University,fi.png,2-3,
301-400,Autonomous University of Barcelona,es.png,3-7,
301-400,Autonomous University of Madrid,es.png,3-7,
301-400,Beijing University of Technology,cn.png,51-68,
301-400,Brandeis University,us.png,83-99,
301-400,Cairo University,eg.png,1,
301-400,Charles University in Prague,cz.png,1,
301-400,China University of Geosciences (Beijing),cn.png,51-68,
301-400,Colorado State University,us.png,83-99,
301-400,Complutense University of Madrid,es.png,3-7,
301-400,Dalhousie University,ca.png,12-17,
301-400,Dartmouth College,us.png,83-99,
301-400,Durham University,gb.png,26-33,
301-400,East China University of Science and Technology,cn.png,51-68,
301-400,Flinders University,au.png,16-22,
301-400,Griffith University,au.png,16-22,
301-400,Guangdong University of Technology,cn.png,51-68,
301-400,Guangxi University,cn.png,51-68,
301-400,Heinrich Heine University Duesseldorf,de.png,20-24,
301-400,The Hong Kong University of Science and Technology,hk.png,5,
301-400,Huazhong Agricultural University,cn.png,51-68,
301-400,Indian Institute of Science,in.png,1,
301-400,Indiana University-Purdue University at Indianapolis,us.png,83-99,
301-400,Institut Polytechnique de Paris,fr.png,13-16,
301-400,James Cook University,au.png,16-22,
301-400,Jiangnan University,cn.png,51-68,
301-400,Karlsruhe Institute of Technology (KIT),de.png,20-24,
301-400,Keio University,jp.png,9-11,
301-400,Kyushu University,jp.png,9-11,
301-400,La Trobe University,au.png,16-22,
301-400,Lancaster University,gb.png,26-33,
301-400,Laval University,ca.png,12-17,
301-400,Linkoping University,se.png,7-8,
301-400,Nanchang University,cn.png,51-68,
301-400,Nanjing Agricultural University,cn.png,51-68,
301-400,Nanjing University of Aeronautics and Astronautics,cn.png,51-68,
301-400,Nanjing University of Information Science & Technology,cn.png,51-68,
301-400,Nanjing University of Science and Technology,cn.png,51-68,
301-400,National Cheng Kung University (NCKU),tw.png,3,
301-400,Northeastern University (Shenyang),cn.png,51-68,
301-400,Northwest A&F University,cn.png,51-68,
301-400,Ocean University of China,cn.png,51-68,
301-400,Okinawa Institute of Science and Technology Graduate University,jp.png,9-11,
301-400,Paul Sabatier University (Toulouse 3),fr.png,13-16,
301-400,Pohang University of Science and Technology,kr.png,8,
301-400,Pompeu Fabra University,es.png,3-7,
301-400,Princess Nourah bint Abdulrahman University,sa.png,5,
301-400,Queen's University Belfast,gb.png,26-33,
301-400,Queensland University of Technology,au.png,16-22,
301-400,RMIT University,au.png,16-22,
301-400,ShanghaiTech University,cn.png,51-68,
301-400,Simon Fraser University,ca.png,12-17,
301-400,"University at Buffalo, the State University of New York",us.png,83-99,
301-400,Stony Brook University,us.png,83-99,
301-400,Swedish University of Agricultural Sciences,se.png,7-8,
301-400,The University of Georgia,us.png,83-99,
301-400,The University of Reading,gb.png,26-33,
301-400,UNESP,br.png,2,
301-400,National and Kapodistrian University of Athens,gr.png,1,
301-400,University College Cork,ie.png,2-3,
301-400,University College Dublin,ie.png,2-3,
301-400,University of Belgrade,rs.png,1,
301-400,University of Bergen,no.png,3,
301-400,University of Bochum,de.png,20-24,
301-400,University of Central Florida,us.png,83-99,
301-400,University of Connecticut,us.png,83-99,
301-400,University of Duisburg-Essen,de.png,20-24,
301-400,University of Florence,it.png,9-10,
301-400,University of Hawaii at Manoa,us.png,83-99,
301-400,University of Houston,us.png,83-99,
301-400,University of Illinois at Chicago,us.png,83-99,
301-400,University of Innsbruck,at.png,3-4,
301-400,University of Kansas,us.png,83-99,
301-400,University of Kentucky,us.png,83-99,
301-400,University of Leicester,gb.png,26-33,
301-400,University of Liege,be.png,6-7,
301-400,University of Lille,fr.png,13-16,
301-400,University of Macau,mo.png,1,
301-400,"University of Maryland, Baltimore",us.png,83-99,
301-400,University of Miami,us.png,83-99,
301-400,University of Milano-Bicocca,it.png,9-10,
301-400,University of Saskatchewan,ca.png,12-17,
301-400,University of South Florida,us.png,83-99,
301-400,University of Southern Denmark,dk.png,4-5,
301-400,University of St Andrews,gb.png,26-33,
301-400,University of Stuttgart,de.png,20-24,
301-400,University of Surrey,gb.png,26-33,
301-400,University of the Witwatersrand,za.png,2,
301-400,Toulouse 1 Capitole University,fr.png,13-16,
301-400,University of Turku,fi.png,2-3,
301-400,University of Valencia,es.png,3-7,
301-400,University of Victoria,ca.png,12-17,
301-400,University of York,gb.png,26-33,
301-400,Vienna University of Technology,at.png,3-4,
301-400,Vrije Universiteit Brussel (VUB),be.png,6-7,
301-400,Western Sydney University,au.png,16-22,
301-400,Western University,ca.png,12-17,
301-400,Yangzhou University,cn.png,51-68,
301-400,Zhejiang University of Technology,cn.png,51-68,
401-500,Albert Einstein College of Medicine,us.png,100-117,
401-500,Bar-Ilan University,il.png,5,
401-500,Chalmers University of Technology,se.png,9,
401-500,China University of Mining and Technology - Xuzhou,cn.png,69-88,
401-500,China University of Petroleum (Huadong),cn.png,69-88,
401-500,CUNY Graduate School and University Center,us.png,100-117,
401-500,Drexel University,us.png,100-117,
401-500,Eindhoven University of Technology,nl.png,11-12,
401-500,Federal University of Minas Gerais,br.png,3-5,
401-500,Georgetown University,us.png,100-117,
401-500,Guangzhou Medical University,cn.png,69-88,
401-500,Guangzhou University,cn.png,69-88,
401-500,Hainan University,cn.png,69-88,
401-500,Hannover Medical School,de.png,25-31,
401-500,Henan University,cn.png,69-88,
401-500,Hiroshima University,jp.png,12,
401-500,Hohai University,cn.png,69-88,
401-500,Humanitas University,it.png,11-17,
401-500,Iowa State University,us.png,100-117,
401-500,Istanbul University,tr.png,1,
401-500,Jagiellonian University,pl.png,1-2,
401-500,King Fahd University of Petroleum & Minerals,sa.png,6-7,
401-500,King Khalid University,sa.png,6-7,
401-500,Kunming University of Science and Technology,cn.png,69-88,
401-500,Kyung Hee University,kr.png,9-12,
401-500,Kyungpook National University,kr.png,9-12,
401-500,Louisiana State University - Baton Rouge,us.png,100-117,
401-500,Macau University of Science and Technology,mo.png,2,
401-500,Masaryk University,cz.png,2,
401-500,Murdoch University,au.png,23-24,
401-500,Nanjing Forestry University,cn.png,69-88,
401-500,Nanjing Normal University,cn.png,69-88,
401-500,National Tsing Hua University,tw.png,4-5,
401-500,National Yang Ming Chiao Tung University,tw.png,4-5,
401-500,Northern Arizona University,us.png,100-117,
401-500,Polytechnic University of Valencia,es.png,8-9,
401-500,Pusan National University,kr.png,9-12,
401-500,Renmin University of China,cn.png,69-88,
401-500,Rensselaer Polytechnic Institute,us.png,100-117,
401-500,Saint Petersburg State University,ru.png,2,
401-500,Sejong University,kr.png,9-12,
401-500,Shandong University of Science and Technology,cn.png,69-88,
401-500,University of Shanghai for Science and Technology,cn.png,69-88,
401-500,South China Agricultural University,cn.png,69-88,
401-500,South China Normal University,cn.png,69-88,
401-500,Southern Medical University,cn.png,69-88,
401-500,Southwest Jiaotong University,cn.png,69-88,
401-500,Stellenbosch University,za.png,3-4,
401-500,Swansea University,gb.png,34-38,
401-500,Technical University Darmstadt,de.png,25-31,
401-500,Temple University,us.png,100-117,
401-500,The University of Dundee,gb.png,34-38,
401-500,"The University of Newcastle, Australia",au.png,23-24,
401-500,Catholic University of the Sacred Heart,it.png,11-17,
401-500,Federal University of Rio Grande do Sul,br.png,3-5,
401-500,"University of Natural Resources and Life Sciences, Vienna",at.png,5,
401-500,University of South Carolina - Columbia,us.png,100-117,
401-500,The University of Texas Medical Branch at Galveston,us.png,100-117,
401-500,University of Alabama at Birmingham,us.png,100-117,
401-500,University of Aveiro,pt.png,3-5,
401-500,University of Bari,it.png,11-17,
401-500,University of Bath,gb.png,34-38,
401-500,University of Campinas,br.png,3-5,
401-500,University of Canterbury,nz.png,2-4,
401-500,University of Chile,cl.png,1,
401-500,University of Coimbra,pt.png,3-5,
401-500,University of Côte d'Azur,fr.png,17-18,
401-500,University of Essex,gb.png,34-38,
401-500,University of Genoa,it.png,11-17,
401-500,University of Jena,de.png,25-31,
401-500,University of Kent,gb.png,34-38,
401-500,University of Malaya,my.png,1,
401-500,University of Marburg,de.png,25-31,
401-500,University of Minho,pt.png,3-5,
401-500,University of Notre Dame,us.png,100-117,
401-500,University of Oregon,us.png,100-117,
401-500,University of Otago,nz.png,2-4,
401-500,University of Oulu,fi.png,4,
401-500,University of Pavia,it.png,11-17,
401-500,University of Potsdam,de.png,25-31,
401-500,University of Pretoria,za.png,3-4,
401-500,University of Regensburg,de.png,25-31,
401-500,University of Rennes,fr.png,17-18,
401-500,University of Tehran,ir.png,1,
401-500,University of the Basque Country,es.png,8-9,
401-500,University of Trento,it.png,11-17,
401-500,University of Twente,nl.png,11-12,
401-500,University of Ulm,de.png,25-31,
401-500,University of Vermont,us.png,100-117,
401-500,University of Warsaw,pl.png,1-2,
401-500,University of Zagreb,hr.png,1,
401-500,The University of Texas Health Science Center at San Antonio,us.png,100-117,
401-500,Utah State University,us.png,100-117,
401-500,Victoria University of Wellington,nz.png,2-4,
401-500,Vita-Salute San Raffaele University,it.png,11-17,
401-500,Washington State University,us.png,100-117,
401-500,Xidian University,cn.png,69-88,
401-500,York University,ca.png,18,
401-500,Yunnan University,cn.png,69-88,
401-500,Zhejiang Normal University,cn.png,69-88,
501-600,Anhui Medical University,cn.png,89-110,
501-600,Anhui University,cn.png,89-110,
501-600,Aristotle University of Thessaloniki,gr.png,2,
501-600,Australian Catholic University,au.png,25-26,
501-600,Beijing Jiaotong University,cn.png,89-110,
501-600,Ben-Gurion University of the Negev,il.png,6,
501-600,Binghamton University,us.png,118-144,
501-600,Boston College,us.png,118-144,
501-600,Brigham Young University,us.png,118-144,
501-600,Carleton University,ca.png,19-22,
501-600,Central China Normal University,cn.png,89-110,
501-600,Chang'an University,cn.png,89-110,
501-600,China University of Petroleum (Beijing),cn.png,89-110,
501-600,"The Chinese University of Hong Kong, Shenzhen",cn.png,89-110,
501-600,Chulalongkorn University,th.png,1,
501-600,COMSATS University Islamabad,pk.png,1,
501-600,Concordia University,ca.png,19-22,
501-600,Duke-NUS Medical School,sg.png,3,
501-600,Eotvos Lorand University,hu.png,1,
501-600,Federal University of Rio de Janeiro,br.png,6,
501-600,Florida International University,us.png,118-144,
501-600,Georgia State University,us.png,118-144,
501-600,Hangzhou Dianzi University,cn.png,89-110,
501-600,Harbin Engineering University,cn.png,89-110,
501-600,Hefei University of Technology,cn.png,89-110,
501-600,Hunan Normal University,cn.png,89-110,
501-600,Kansas State University,us.png,118-144,
501-600,Kobe University,jp.png,13-14,
501-600,Leibniz University Hannover,de.png,32-36,
501-600,Medical University of Innsbruck,at.png,6-7,
501-600,Medical University of South Carolina,us.png,118-144,
501-600,Mississippi State University,us.png,118-144,
501-600,Moscow Institute of Physics and Technology,ru.png,3,
501-600,Nanjing University of Posts and Telecommunications,cn.png,89-110,
501-600,"National University of Ireland, Galway",ie.png,4,
501-600,National University of Malaysia,my.png,2,
501-600,National University of Defense Technology,cn.png,89-110,
501-600,Ningbo University,cn.png,89-110,
501-600,Northwest University,cn.png,89-110,
501-600,North-West University,za.png,5-7,
501-600,Okayama University,jp.png,13-14,
501-600,Oklahoma State University,us.png,118-144,
501-600,Prince Sattam Bin Abdulaziz University,sa.png,8,
501-600,Qatar University,qa.png,1,
501-600,Rush University,us.png,118-144,
501-600,Saarland University,de.png,32-36,
501-600,Saint Louis University,us.png,118-144,
501-600,Scuola Normale Superiore - Pisa,it.png,18-24,
501-600,Shaanxi Normal University,cn.png,89-110,
501-600,Southwest University,cn.png,89-110,
501-600,Southwestern University of Finance and Economics,cn.png,89-110,
501-600,"St George's, University of London",gb.png,39-40,
501-600,Stockholm School of Economics,se.png,10,
501-600,Tampere University,fi.png,5-6,
501-600,Tehran University of Medical Sciences,ir.png,2,
501-600,Texas Tech University,us.png,118-144,
501-600,The City College of New York,us.png,118-144,
501-600,The University of Texas at Dallas,us.png,118-144,
501-600,The University of Texas at San Antonio,us.png,118-144,
501-600,Thomas Jefferson University,us.png,118-144,
501-600,Tianjin Medical University,cn.png,89-110,
501-600,Tulane University,us.png,118-144,
501-600,The University of New Mexico - Albuquerque,us.png,118-144,
501-600,Università Della Svizzera Italiana,ch.png,8-9,
501-600,University of Alicante,es.png,10-13,
501-600,University of Arkansas at Fayetteville,us.png,118-144,
501-600,University of Bayreuth,de.png,32-36,
501-600,"University of California, Merced",us.png,118-144,
501-600,University of Catania,it.png,18-24,
501-600,University of Eastern Finland,fi.png,5-6,
501-600,University of Fribourg,ch.png,8-9,
501-600,University of Graz,at.png,6-7,
501-600,University of Guelph,ca.png,19-22,
501-600,University of Johannesburg,za.png,5-7,
501-600,University of Konstanz,de.png,32-36,
501-600,University of KwaZulu-Natal,za.png,5-7,
501-600,University of Maine,us.png,118-144,
501-600,University of Navarra,es.png,10-13,
501-600,University of Nevada - Reno,us.png,118-144,
501-600,University of Nevada-Las Vegas,us.png,118-144,
501-600,University of North Texas,us.png,118-144,
501-600,University of Oklahoma - Oklahoma City,us.png,118-144,
501-600,University of Palermo,it.png,18-24,
501-600,University of Parma,it.png,18-24,
501-600,University of Perugia,it.png,18-24,
501-600,University of Roma - Tor Vergata,it.png,18-24,
501-600,University of Rostock,de.png,32-36,
501-600,University of Salamanca,es.png,10-13,
501-600,University of Sherbrooke,ca.png,19-22,
501-600,University of South Australia,au.png,25-26,
501-600,University of Strathclyde,gb.png,39-40,
501-600,University of Verona,it.png,18-24,
501-600,University of Vigo,es.png,10-13,
501-600,Vilnius University,lt.png,1,
501-600,Wake Forest University,us.png,118-144,
501-600,Wenzhou Medical University,cn.png,89-110,
501-600,West Virginia University,us.png,118-144,
501-600,Westlake University,cn.png,89-110,
501-600,Xi'an University of Technology,cn.png,89-110,
501-600,Yeungnam University,kr.png,13,
601-700,Addis Ababa University,et.png,1,
601-700,Ain Shams University,eg.png,2-4,
601-700,Alexandria University,eg.png,2-4,
601-700,Amirkabir University of Technology,ir.png,3,
601-700,Asia University,tw.png,6-10,
601-700,Auburn University,us.png,145-157,
601-700,Bangor University,gb.png,41-45,
601-700,Baylor University,us.png,145-157,
601-700,Beijing University of Posts and Telecommunications,cn.png,111-129,
601-700,Brescia University,it.png,25-31,
601-700,Chang Gung University,tw.png,6-10,
601-700,Changzhou University,cn.png,111-129,
601-700,Charles Darwin University,au.png,27-28,
601-700,Chiang Mai University,th.png,2-3,
601-700,Chiba University,jp.png,15-19,
601-700,China Medical University (Shenyang),cn.png,111-129,
601-700,China University of Mining and Technology - Beijing,cn.png,111-129,
601-700,Chongqing Medical University,cn.png,111-129,
601-700,Chonnam National University,kr.png,14-18,
601-700,Clemson University,us.png,145-157,
601-700,Czech University of Life Sciences Prague,cz.png,3-4,
601-700,Dalian Maritime University,cn.png,111-129,
601-700,Edith Cowan University,au.png,27-28,
601-700,Ewha Womans University,kr.png,14-18,
601-700,Fujian Agriculture and Forestry University,cn.png,111-129,
601-700,Fujian Medical University,cn.png,111-129,
601-700,Fujian Normal University,cn.png,111-129,
601-700,Guizhou University,cn.png,111-129,
601-700,Harbin Medical University,cn.png,111-129,
601-700,Hasselt University,be.png,8,
601-700,Henan Normal University,cn.png,111-129,
601-700,Hong Kong Baptist University,hk.png,6,
601-700,Indian Institute of Technology Kharagpur,in.png,2-4,
601-700,Indian Institute of Technology Delhi,in.png,2-4,
601-700,INHA University,kr.png,14-18,
601-700,Kitasato University,jp.png,15-19,
601-700,Konkuk University,kr.png,14-18,
601-700,Liverpool John Moores University,gb.png,41-45,
601-700,Loughborough University,gb.png,41-45,
601-700,Mahidol University,th.png,2-3,
601-700,Mansoura University,eg.png,2-4,
601-700,Marche Polytechnic University,it.png,25-31,
601-700,Medical University of Graz,at.png,8,
601-700,Nanjing University of Chinese Medicine,cn.png,111-129,
601-700,Nantong University,cn.png,111-129,
601-700,National Polytechnic Institute,mx.png,2,
601-700,National Sun Yat-Sen University,tw.png,6-10,
601-700,National Taiwan University of Science and Technology,tw.png,6-10,
601-700,The Second Military Medical University,cn.png,111-129,
601-700,NOVA University Lisbon,pt.png,6,
601-700,Osaka Metropolitan University,jp.png,15-19,
601-700,Palacký University Olomouc,cz.png,3-4,
601-700,Polytechnic University of Turin,it.png,25-31,
601-700,Pontifical Catholic University of Chile,cl.png,2,
601-700,San Diego State University,us.png,145-157,
601-700,Semmelweis University,hu.png,2,
601-700,Shandong Agricultural University,cn.png,111-129,
601-700,Shandong Normal University,cn.png,111-129,
601-700,Shinshu University,jp.png,15-19,
601-700,University at Albany (State University of New York),us.png,145-157,
601-700,State University of New York Health Science Center at Brooklyn,us.png,145-157,
601-700,Taipei Medical University,tw.png,6-10,
601-700,The University of Alabama - Tuscaloosa,us.png,145-157,
601-700,The University of Texas at Arlington,us.png,145-157,
601-700,Tokyo University of Science,jp.png,15-19,
601-700,Umea University,se.png,11,
601-700,University of Arkansas for Medical Sciences,us.png,145-157,
601-700,University of Campania Luigi Vanvitelli,it.png,25-31,
601-700,Universitat Jaume I,es.png,14-20,
601-700,University of Alaska - Fairbanks,us.png,145-157,
601-700,University of Bremen,de.png,37-40,
601-700,University of Castilla–La Mancha,es.png,14-20,
601-700,University of Clermont Auvergne,fr.png,19,
601-700,University of Delhi,in.png,2-4,
601-700,University of Ferrara,it.png,25-31,
601-700,University of Giessen,de.png,37-40,
601-700,University of Greenwich,gb.png,41-45,
601-700,University of Haifa,il.png,7,
601-700,University of Halle-Wittenberg,de.png,37-40,
601-700,University of Health Sciences Turkey,tr.png,2,
601-700,University of Iceland,is.png,1,
601-700,University of Ljubljana,si.png,1,
601-700,University of Luebeck,de.png,37-40,
601-700,University of Luxembourg,lu.png,1,
601-700,University of New Hampshire,us.png,145-157,
601-700,University of Oviedo,es.png,14-20,
601-700,University of Plymouth,gb.png,41-45,
601-700,University of Santiago Compostela,es.png,14-20,
601-700,"University of Science, Malaysia",my.png,3,
601-700,University of Seville,es.png,14-20,
601-700,University of Siena,it.png,25-31,
601-700,University of the Balearic Islands,es.png,14-20,
601-700,University of Toledo,us.png,145-157,
601-700,University of Trieste,it.png,25-31,
601-700,University of Tromso,no.png,4,
601-700,University of Ulsan,kr.png,14-18,
601-700,University of Zaragoza,es.png,14-20,
601-700,Wayne State University,us.png,145-157,
601-700,Wenzhou University,cn.png,111-129,
601-700,Yanshan University,cn.png,111-129,
701-800,Air Force Medical University,cn.png,130-147,
701-800,Al-Azhar University,eg.png,5,
701-800,American University of Beirut,lb.png,1,
701-800,Army Medical University,cn.png,130-147,
701-800,Banaras Hindu University,in.png,5-8,
701-800,Beijing Forestry University,cn.png,130-147,
701-800,Bielefeld University,de.png,41-42,
701-800,Brno University of Technology,cz.png,5,
701-800,Brunel University,gb.png,46-51,
701-800,Catholic University of Korea,kr.png,19-23,
701-800,Changsha University of Science and Technology,cn.png,130-147,
701-800,Chung-Ang University,kr.png,19-23,
701-800,Chungbuk National University,kr.png,19-23,
701-800,Chungnam National University,kr.png,19-23,
701-800,Copenhagen Business School,dk.png,6,
701-800,Donghua University,cn.png,130-147,
701-800,Federal University of Parana,br.png,7-10,
701-800,Federal University of Santa Catarina,br.png,7-10,
701-800,Federal University of Sao Paulo,br.png,7-10,
701-800,Foshan University,cn.png,130-147,
701-800,Hacettepe University,tr.png,3-4,
701-800,Hebei University of Technology,cn.png,130-147,
701-800,Heilongjiang University,cn.png,130-147,
701-800,HSE University,ru.png,4-7,
701-800,Indian Institute of Technology Madras,in.png,5-8,
701-800,INSA Toulouse,fr.png,20-22,
701-800,Istanbul Technical University,tr.png,3-4,
701-800,Jawaharlal Nehru University,in.png,5-8,
701-800,Jeonbuk National University,kr.png,19-23,
701-800,Juntendo University,jp.png,20-23,
701-800,Kent State University,us.png,158-171,
701-800,Kindai University,jp.png,20-23,
701-800,Massey University,nz.png,5,
701-800,Medical College of Wisconsin,us.png,158-171,
701-800,Memorial University of Newfoundland,ca.png,23-24,
701-800,National Chung Hsing University,tw.png,11-12,
701-800,National Yunlin University of Science and Technology,tw.png,11-12,
701-800,New Jersey Institute of Technology,us.png,158-171,
701-800,North China Electric Power University,cn.png,130-147,
701-800,Norwegian University of Life Sciences,no.png,5,
701-800,Nottingham Trent University,gb.png,46-51,
701-800,Novosibirsk State University,ru.png,4-7,
701-800,Ohio University,us.png,158-171,
701-800,Old Dominion University,us.png,158-171,
701-800,Orebro University,se.png,12,
701-800,Polytechnic University of Catalonia,es.png,21-27,
701-800,Polytechnic University of Madrid,es.png,21-27,
701-800,Qufu Normal University,cn.png,130-147,
701-800,Rutgers University - Newark,us.png,158-171,
701-800,Shahid Beheshti University of Medical Sciences,ir.png,4-7,
701-800,Shandong First Medical University,cn.png,130-147,
701-800,Shantou University,cn.png,130-147,
701-800,Shanxi University,cn.png,130-147,
701-800,Sharif University of Technology,ir.png,4-7,
701-800,Sichuan Agricultural University,cn.png,130-147,
701-800,Skolkovo Institute of Science and Technology,ru.png,4-7,
701-800,Southern Methodist University,us.png,158-171,
701-800,Syracuse University,us.png,158-171,
701-800,Taiyuan University of Technology,cn.png,130-147,
701-800,Tarbiat Modares University,ir.png,4-7,
701-800,Technical University of Braunschweig,de.png,41-42,
701-800,The Open University,gb.png,46-51,
701-800,The Royal Veterinary College,gb.png,46-51,
701-800,Tilburg University,nl.png,13,
701-800,Tokyo Medical and Dental University,jp.png,20-23,
701-800,University of Engineering and Technology (UET),pk.png,2-3,
701-800,"University of Maryland, Baltimore County",us.png,158-171,
701-800,University of Tennessee Health Science Center,us.png,158-171,
701-800,Universitat de Lleida,es.png,21-27,
701-800,Universiti Teknologi Malaysia,my.png,4,
701-800,University of Brasília,br.png,7-10,
701-800,University of Burgundy,fr.png,20-22,
701-800,University of Crete,gr.png,3-4,
701-800,University of Cyprus,cy.png,1,
701-800,University of Extremadura,es.png,21-27,
701-800,University of Hull,gb.png,46-51,
701-800,University of Idaho,us.png,158-171,
701-800,University of Jinan,cn.png,130-147,
701-800,University of Jyvaskyla,fi.png,7,
701-800,University of La Laguna,es.png,21-27,
701-800,University of Murcia,es.png,21-27,
701-800,University of Nantes,fr.png,20-22,
701-800,University of Oklahoma - Norman,us.png,158-171,
701-800,University of Patras,gr.png,3-4,
701-800,University of Regina,ca.png,23-24,
701-800,University of Stirling,gb.png,46-51,
701-800,University of Szeged,hu.png,3,
701-800,University of Tabriz,ir.png,4-7,
701-800,University of Tartu,ee.png,1,
701-800,University of the Punjab,pk.png,2-3,
701-800,University of the Sunshine Coast,au.png,29,
701-800,University of Udine,it.png,32,
701-800,University of Wisconsin-Milwaukee,us.png,158-171,
701-800,University of Wyoming,us.png,158-171,
701-800,University Rovira i Virgili,es.png,21-27,
701-800,Ural Federal University,ru.png,4-7,
701-800,Vellore Institute of Technology,in.png,5-8,
701-800,Waseda University,jp.png,20-23,
701-800,Zhejiang Chinese Medical University,cn.png,130-147,
701-800,Zhejiang Sci-Tech University,cn.png,130-147,
801-900,AGH University of Science and Technology,pl.png,3-4,
801-900,Ajou University,kr.png,24-29,
801-900,Aligarh Muslim University,in.png,9-12,
801-900,Amherst College,us.png,172-179,
801-900,Anhui University of Technology,cn.png,148-170,
801-900,Ankara University,tr.png,5,
801-900,AUT University,nz.png,6-8,
801-900,Bournemouth University,gb.png,52-56,
801-900,Chengdu University of Technology,cn.png,148-170,
801-900,China Pharmaceutical University,cn.png,148-170,
801-900,Chongqing University of Posts and Telecommunications,cn.png,148-170,
801-900,Colorado School of Mines,us.png,172-179,
801-900,Cranfield University,gb.png,52-56,
801-900,Czech Technical University in Prague,cz.png,6,
801-900,Dongguk University,kr.png,24-29,
801-900,Federal University of Santa Maria,br.png,11-14,
801-900,Federal University of Sao Carlos,br.png,11-14,
801-900,Federal University of Viçosa,br.png,11-14,
801-900,Fluminense Federal University,br.png,11-14,
801-900,Fordham University,us.png,172-179,
801-900,Free University of Bozen-Bolzano,it.png,33-39,
801-900,Gachon University,kr.png,24-29,
801-900,The Graduate University for Advanced Studies,jp.png,24-28,
801-900,Graz University of Technology,at.png,9-12,
801-900,Guangzhou University of Chinese Medicine,cn.png,148-170,
801-900,Gwangju Institute of Science and Technology,kr.png,24-29,
801-900,Hallym University,kr.png,24-29,
801-900,Hangzhou Normal University,cn.png,148-170,
801-900,Hebei Medical University,cn.png,148-170,
801-900,Homi Bhabha National Institute,in.png,9-12,
801-900,Hunan Agricultural University,cn.png,148-170,
801-900,Johannes Kepler University Linz,at.png,9-12,
801-900,Kanazawa University,jp.png,24-28,
801-900,Kangwon National University,kr.png,24-29,
801-900,Kaohsiung Medical University,tw.png,13-14,
801-900,Keele University,gb.png,52-56,
801-900,Khalifa University,ae.png,1-2,
801-900,King Faisal University,sa.png,9-11,
801-900,Liaocheng University,cn.png,148-170,
801-900,Liaoning University of Technology,cn.png,148-170,
801-900,Lincoln University,nz.png,6-8,
801-900,Manipal University,in.png,9-12,
801-900,Nagasaki University,jp.png,24-28,
801-900,National Central University,tw.png,13-14,
801-900,National Technical University of Athens,gr.png,5-6,
801-900,Northeast Agricultural University (China）,cn.png,148-170,
801-900,Northeast Forestry University - China,cn.png,148-170,
801-900,Northeast Normal University,cn.png,148-170,
801-900,Northumbria University,gb.png,52-56,
801-900,Prince of Songkla University,th.png,4,
801-900,Qassim University,sa.png,9-11,
801-900,Qilu University of Technology,cn.png,148-170,
801-900,Qingdao University of Science and Technology,cn.png,148-170,
801-900,"Royal Holloway, University of London",gb.png,52-56,
801-900,School for Advanced Studies in the Social Sciences,fr.png,23-25,
801-900,Shanghai Normal University,cn.png,148-170,
801-900,Shanghai Ocean University,cn.png,148-170,
801-900,Southwest Petroleum University,cn.png,148-170,
801-900,SRM INSTITUTE OF SCIENCE AND TECHNOLOGY,in.png,9-12,
801-900,Suzhou University of Science and Technology,cn.png,148-170,
801-900,The Education University of Hong Kong,hk.png,7,
801-900,The University of Tokushima,jp.png,24-28,
801-900,The University of Waikato,nz.png,6-8,
801-900,Tianjin University of Technology,cn.png,148-170,
801-900,Umm Al-Qura University,sa.png,9-11,
801-900,Union College,us.png,172-179,
801-900,United Arab Emirates University,ae.png,1-2,
801-900,Université Paris-Est Créteil Val de Marne,fr.png,23-25,
801-900,"University of Veterinary Medicine, Vienna",at.png,9-12,
801-900,University of Cagliari,it.png,33-39,
801-900,University of Calabria,it.png,33-39,
801-900,University of Canberra,au.png,30,
801-900,University of Eastern Piedmont,it.png,33-39,
801-900,University of Girona,es.png,28-30,
801-900,University of Jaen,es.png,28-30,
801-900,University of Jordan,jo.png,1,
801-900,University of Kassel,de.png,43-45,
801-900,University of Limerick,ie.png,5,
801-900,University of Louisville,us.png,172-179,
801-900,University of Malaga,es.png,28-30,
801-900,University of Messina,it.png,33-39,
801-900,University of Missouri-Kansas City,us.png,172-179,
801-900,University of Modena and Reggio Emilia,it.png,33-39,
801-900,University of Mons,be.png,9,
801-900,University of Nebraska Medical Center,us.png,172-179,
801-900,University of Oldenburg,de.png,43-45,
801-900,University of Salerno,it.png,33-39,
801-900,University of Salzburg,at.png,9-12,
801-900,University of Savoy,fr.png,23-25,
801-900,University of South China,cn.png,148-170,
801-900,University of Texas at El Paso,us.png,172-179,
801-900,University of Thessaly,gr.png,5-6,
801-900,University of Wuppertal,de.png,43-45,
801-900,University Putra Malaysia,my.png,5,
801-900,Western Norway University of Applied Sciences,no.png,6,
801-900,Wroclaw Medical University,pl.png,3-4,
801-900,Wuhan University of Science and Technology,cn.png,148-170,
801-900,Xi'an University of Architecture and Technology,cn.png,148-170,
801-900,Yokohama City University,jp.png,24-28,
801-900,Zagazig University,eg.png,6,
901-1000,Adam Mickiewicz University,pl.png,5-9,
901-1000,Al Jouf University,sa.png,12,
901-1000,Beijing Technology and Business University,cn.png,171-191,
901-1000,Beni-Suef University,eg.png,7,
901-1000,Bond University,au.png,31-34,
901-1000,Budapest University of Technology and Economics,hu.png,4,
901-1000,Carlos III University of Madrid,es.png,31-38,
901-1000,Chengdu University,cn.png,171-191,
901-1000,China Three Gorges University,cn.png,171-191,
901-1000,"City, University of London",gb.png,57-64,
901-1000,Comenius University in Bratislava,sk.png,1,
901-1000,Dalian Medical University,cn.png,171-191,
901-1000,Dalian Polytechnic University,cn.png,171-191,
901-1000,Dublin City University,ie.png,6-7,
901-1000,Ege University,tr.png,6-8,
901-1000,Erciyes University,tr.png,6-8,
901-1000,Federal University of Ceara,br.png,15-18,
901-1000,Federal University of Goiás,br.png,15-18,
901-1000,Federal University of Pernambuco,br.png,15-18,
901-1000,Ferdowsi University of Mashhad,ir.png,8-10,
901-1000,Gazi University,tr.png,6-8,
901-1000,Gdansk University of Technology,pl.png,5-9,
901-1000,Guangdong University of Foreign Studies,cn.png,171-191,
901-1000,Guangxi Medical University,cn.png,171-191,
901-1000,Gyeongsang National University,kr.png,30,
901-1000,Hebei University,cn.png,171-191,
901-1000,Henan University of Science and Technology,cn.png,171-191,
901-1000,Heriot-Watt University,gb.png,57-64,
901-1000,Huaqiao University,cn.png,171-191,
901-1000,Indian Institute of Technology Kanpur,in.png,13-15,
901-1000,Indian Institute of Technology Roorkee,in.png,13-15,
901-1000,Iran University of Science & Technology,ir.png,8-10,
901-1000,Jiangsu University of Science and Technology,cn.png,171-191,
901-1000,Khon Kaen University,th.png,5,
901-1000,Rey Juan Carlos University,es.png,31-38,
901-1000,Kumamoto University,jp.png,29-32,
901-1000,Linnaeus University,se.png,13,
901-1000,London Business School,gb.png,57-64,
901-1000,Loyola University Chicago,us.png,180-187,
901-1000,Manchester Metropolitan University,gb.png,57-64,
901-1000,Medical University of Warsaw,pl.png,5-9,
901-1000,Metropolitan Autonomous University,mx.png,3,
901-1000,Montana State University - Bozeman,us.png,180-187,
901-1000,Montpellier Business School,fr.png,26-27,
901-1000,National Research Nuclear University MEPhI (Moscow Engineering Physics Institute),ru.png,8-9,
901-1000,National University of Colombia,co.png,1,
901-1000,National University of Sciences and Technology Pakistan,pk.png,4-6,
901-1000,NHH - Norwegian School of Economics,no.png,7,
901-1000,Nicolaus Copernicus University,pl.png,5-9,
901-1000,Niigata University,jp.png,29-32,
901-1000,Quaid-i-Azam University,pk.png,4-6,
901-1000,Royal College of Surgeons - Ireland,ie.png,6-7,
901-1000,Saitama University,jp.png,29-32,
901-1000,Sechenov University,ru.png,8-9,
901-1000,Shandong University of Finance and Economics,cn.png,171-191,
901-1000,Shanghai University of Finance and Economics,cn.png,171-191,
901-1000,Shanghai University of Traditional Chinese Medicine,cn.png,171-191,
901-1000,Shanxi Medical University,cn.png,171-191,
901-1000,Shihezi University,cn.png,171-191,
901-1000,Shiraz University of Medical Science,ir.png,8-10,
901-1000,Singapore University of Technology & Design,sg.png,4,
901-1000,Southern Cross University,au.png,31-34,
901-1000,SUNY College of Environmental Science and Forestry,us.png,180-187,
901-1000,SUNY Upstate Medical University,us.png,180-187,
901-1000,Swarthmore College,us.png,180-187,
901-1000,Tokyo University of Agriculture and Technology,jp.png,29-32,
901-1000,University of North Carolina at Greensboro,us.png,180-187,
901-1000,Universidad Andrés Bello,cl.png,3-4,
901-1000,Universidad de Cadiz,es.png,31-38,
901-1000,Universidad Pablo de Olavide,es.png,31-38,
901-1000,Universidade Federal de Pelotas,br.png,15-18,
901-1000,University of Alcalá,es.png,31-38,
901-1000,University of Arkansas at Little Rock,us.png,180-187,
901-1000,University of Calcutta,in.png,13-15,
901-1000,University of Cantabria,es.png,31-38,
901-1000,University of Central Lancashire,gb.png,57-64,
901-1000,University of Chieti-Pescara,it.png,40,
901-1000,University of Concepcion,cl.png,3-4,
901-1000,University of Cordoba,es.png,31-38,
901-1000,University of Ghana,gh.png,1,
901-1000,University of Hertfordshire,gb.png,57-64,
901-1000,University of Lahore,pk.png,4-6,
901-1000,University of Lincoln,gb.png,57-64,
901-1000,University of New England,au.png,31-34,
901-1000,University of Novi Sad,rs.png,2,
901-1000,University of Poitiers,fr.png,26-27,
901-1000,University of Portsmouth,gb.png,57-64,
901-1000,University of Quebec Montreal,ca.png,25,
901-1000,University of Sfax,tn.png,1,
901-1000,University of Sharjah,ae.png,3,
901-1000,University of South Africa,za.png,8,
901-1000,University of Southern Queensland,au.png,31-34,
901-1000,University of Valladolid,es.png,31-38,
901-1000,Warsaw University of Technology,pl.png,5-9,
901-1000,Xiangtan University,cn.png,171-191,
901-1000,Xinjiang University,cn.png,171-191,
901-1000,Xuzhou Medical College,cn.png,171-191,
901-1000,Yangtze University,cn.png,171-191,
901-1000,Yeshiva University,us.png,180-187,
901-1000,Zhongnan University of Economics and Law,cn.png,171-191,
